ordre;debut;fin;duree_s;plan;rush_a_utiliser;carton_png;note
1;0:00,0;0:02,0;2,0;Hook : frigo magasin 1, main qui entre et ressort vide, clac;Night shop, frigo, prise 1 ou 2 (garder les 2 s qui finissent sur le clac);01-hook-0000-0002.png;Musique à plein dès la première image
2;0:02,0;0:03,0;1,0;Sortie magasin 1, POV hanche;Night shop, sortie;02-magasin1-0002-0003.png;
3;0:03,0;0:05,5;2,5;Magasin 2 : entrée (1 s) puis frigo (1,5 s);Épicerie, entrée + frigo;03-magasin2-0003-0005.5.png;Carton affiché les 2,5 s
4;0:05,5;0:07,5;2,0;Magasin 3 : entrée (0,7 s) puis frigo (1,3 s);Supérette, entrée + frigo;04-magasin3-0005.5-0007.5.png;Carton affiché les 2 s
5;0:07,5;0:08,7;1,2;Flash : 3 portes qui se referment, 0,4 s chacune;Découpé dans les rushes des plans 1, 3, 4;05-flash-0007.5-0008.7.png;Trois clacs à la suite
6;0:08,7;0:10,0;1,3;Trottoir : pieds qui s'arrêtent net;Trottoir;06-bruxelles-0008.7-0010.png;Plus gros carton du Reel ; variante Guaraná : 06b
7;0:10,0;0:11,5;1,5;Écran 1 : carte Milkis, pin coche verte, barre « 1 magasin · 1 vue en rayon »;Enregistrement d'écran, barre d'état rognée, clip à 88 % sur fond #f4f2ee, zoom 88 → 100 % sur la barre;07-magofeed-0010-0013.png;Carton affiché 3 s (plans 7 et 8)
8;0:11,5;0:13,0;1,5;Écran 2 : fiche magasin, « Y aller », « Google Maps · 1 min à pied »;Enregistrement d'écran, coupe sèche, clip à 88 %, pas de geste visible;07-magofeed-0010-0013.png;Même carton, pas de nouveau texte
9;0:13,0;0:14,0;1,0;Entrée magasin 4, même cadrage que les échecs;Magasin 4, entrée, mains vides;08-magasin4-0013-0014.png;
10;0:14,0;0:17,0;3,0;Preuve : canette Milkis dans la main, frigo ouvert derrière;Magasin 4, canette, meilleure des 3 prises;09-elle-est-la-0014-0017.png;Drop à 0:14 pile sur la main qui attrape
11;0:17,0;0:19,5;2,5;Canette à bout de bras devant l'enseigne;Magasin 4, devanture, meilleure des 3 prises;10-le-prochain-0017-0019.5.png;
12;0:19,5;0:21,0;1,5;Chute : arrêt sur image du plan 11;Outil Figer sur la plus belle image du plan 11;11-chute-0019.5-0021.png;Le PNG contient le voile sombre et le bandeau crème ; coupe sèche, pas de fondu
;;;;;;GUIDE-zones-sures-NE-PAS-EXPORTER.png;À poser sur toute la timeline pour vérifier, puis à SUPPRIMER avant l'export
;;;;;;00-couverture-titre.png;Pour la couverture seulement : à poser sur l'image de la canette devant l'enseigne, jamais dans la vidéo
